metric,category,dimension,baseline_label,baseline_value,target_label,target_value,unit,direction,plain_language,source_page
Activities logged in the year,Volume,count,2019 (Aug-Dec),27.0,2026 (Jan-Aug),301.0,activities,Grow x11.1,27 in the debut half-year. Far more in 2026 alone.,Yearly Trends
Distance in the year,Volume,distance,2019 (Aug-Dec),231.4,2026 (Jan-Aug),2318.9,km,Grow x10.0,Yearly foot distance now dwarfs the debut year.,Yearly Trends
Moving time in the year,Volume,time,2019 (Aug-Dec),33.3,2026 (Jan-Aug),506.4,hours,Grow x15.2,Far more moving hours now than at the start.,Yearly Trends
Calories burned in the year,Volume,energy,2019 (Aug-Dec),31574.0,2026 (Jan-Aug),257792.0,kcal,Grow x8.2,"A bigger load, measured in energy spent.",Yearly Trends
Elevation gained in the year,Terrain,elevation,2019 (Aug-Dec),85.0,2026 (Jan-Aug),19116.0,m,Sharp rise,Far more climbing now than in the early years.,Yearly Trends
Total relative effort in the year,Effort,effort,2019 (Aug-Dec),2398.0,2026 (Jan-Aug),9615.0,score,Grow x4.0,The season's total effort. Far higher now.,Zones & Effort
Avg relative effort per activity,Effort,effort,2019 (Aug-Dec),126.0,2026 (Jan-Aug),39.0,score,Reduce x3.2,Each session costs less now. Fitness caught up.,Zones & Effort
Avg cadence,Effort,cadence,2019 (Aug-Dec),53.8,2026 (Jan-Aug),56.4,spm,Grow x1.0,Higher cadence. More running in the mix.,Zones & Effort
Kudos received in the year,Recognition,kudos,2019 (Aug-Dec),3.0,2026 (Jan-Aug),10724.0,kudos,Sharp rise,A bigger following now. More kudos.,Activity Log
Segment achievements in the year,Recognition,achievements,2019 (Aug-Dec),1.0,2026 (Jan-Aug),1601.0,achievements,Sharp rise,More segment badges as the efforts piled up.,Activity Log
Walk distance in the year,By sport,distance,2019 (Aug-Dec),13.4,2026 (Jan-Aug),1057.7,km,Grow x78.9,Walking is the single biggest source of distance now.,Yearly Trends
Run distance in the year,By sport,distance,2019 (Aug-Dec),218.0,2026 (Jan-Aug),994.2,km,Grow x4.6,Running distance climbed year on year.,Yearly Trends
Trail Run distance in the year,By sport,distance,2019 (Aug-Dec),0.0,2026 (Jan-Aug),266.9,km,New,No trail running in 2019. A staple now.,Yearly Trends
