year,bin,dist_km,rel_alt_m,pace_sec,source_page
2023,0,0.25,1.9,1100,Goals
2023,1,0.75,18.7,709,Goals
2023,2,1.26,37.4,707,Goals
2023,3,1.76,65.0,681,Goals
2023,4,2.26,72.1,653,Goals
2023,5,2.76,78.1,666,Goals
2023,6,3.27,100.9,718,Goals
2023,7,3.77,117.2,697,Goals
2023,8,4.27,130.5,673,Goals
2023,9,4.77,151.6,666,Goals
2023,10,5.28,171.3,694,Goals
2023,11,5.78,199.1,684,Goals
2023,12,6.28,219.6,725,Goals
2023,13,6.78,230.4,688,Goals
2023,14,7.28,237.1,904,Goals
2023,15,7.79,230.8,681,Goals
2023,16,8.29,255.4,713,Goals
2023,17,8.79,255.8,729,Goals
2023,18,9.29,279.0,742,Goals
2023,19,9.8,268.1,655,Goals
2023,20,10.3,252.0,657,Goals
2023,21,10.8,237.9,661,Goals
2023,22,11.3,221.8,647,Goals
2023,23,11.81,201.3,637,Goals
2023,24,12.31,181.5,640,Goals
2023,25,12.81,164.5,633,Goals
2023,26,13.31,142.3,589,Goals
2023,27,13.82,122.3,673,Goals
2023,28,14.32,126.1,641,Goals
2023,29,14.82,116.8,645,Goals
2023,30,15.32,102.0,636,Goals
2023,31,15.83,85.2,777,Goals
2023,32,16.33,75.6,631,Goals
2023,33,16.83,58.2,633,Goals
2023,34,17.33,43.3,639,Goals
2023,35,17.83,28.6,641,Goals
2023,36,18.34,21.3,757,Goals
2023,37,18.84,15.8,625,Goals
2023,38,19.34,9.0,643,Goals
2023,39,19.84,-9.6,665,Goals
2023,40,20.35,-2.7,666,Goals
2023,41,20.85,-6.2,686,Goals
2024,0,0.25,3.2,945,Goals
2024,1,0.75,20.2,660,Goals
2024,2,1.26,39.0,668,Goals
2024,3,1.76,66.3,654,Goals
2024,4,2.26,72.6,646,Goals
2024,5,2.76,79.0,654,Goals
2024,6,3.27,101.8,683,Goals
2024,7,3.77,119.2,627,Goals
2024,8,4.27,131.5,615,Goals
2024,9,4.77,153.4,627,Goals
2024,10,5.28,173.8,651,Goals
2024,11,5.78,201.2,640,Goals
2024,12,6.28,221.7,653,Goals
2024,13,6.78,231.3,633,Goals
2024,14,7.28,238.7,845,Goals
2024,15,7.79,232.4,637,Goals
2024,16,8.29,256.6,648,Goals
2024,17,8.79,256.1,681,Goals
2024,18,9.29,279.4,721,Goals
2024,19,9.8,270.4,512,Goals
2024,20,10.3,253.0,550,Goals
2024,21,10.8,238.4,575,Goals
2024,22,11.3,222.0,497,Goals
2024,23,11.81,201.0,536,Goals
2024,24,12.31,182.2,624,Goals
2024,25,12.81,164.7,628,Goals
2024,26,13.31,141.4,585,Goals
2024,27,13.82,120.8,660,Goals
2024,28,14.32,123.9,634,Goals
2024,29,14.82,115.5,638,Goals
2024,30,15.32,99.9,611,Goals
2024,31,15.83,82.6,606,Goals
2024,32,16.33,72.4,655,Goals
2024,33,16.83,55.4,626,Goals
2024,34,17.33,40.1,625,Goals
2024,35,17.83,25.9,672,Goals
2024,36,18.34,18.8,702,Goals
2024,37,18.84,13.0,670,Goals
2024,38,19.34,5.7,656,Goals
2024,39,19.84,-11.9,664,Goals
2024,40,20.35,-4.1,699,Goals
2024,41,20.85,-9.1,665,Goals
2025,0,0.25,2.4,1057,Goals
2025,1,0.75,15.4,668,Goals
2025,2,1.26,34.7,673,Goals
2025,3,1.76,64.1,675,Goals
2025,4,2.26,71.5,634,Goals
2025,5,2.76,76.0,667,Goals
2025,6,3.27,99.5,736,Goals
2025,7,3.77,116.1,676,Goals
2025,8,4.27,130.2,644,Goals
2025,9,4.77,151.9,683,Goals
2025,10,5.28,171.1,685,Goals
2025,11,5.78,200.6,655,Goals
2025,12,6.28,221.5,629,Goals
2025,13,6.78,233.3,626,Goals
2025,14,7.28,239.3,740,Goals
2025,15,7.79,232.5,658,Goals
2025,16,8.29,256.6,670,Goals
2025,17,8.79,258.7,693,Goals
2025,18,9.29,279.1,695,Goals
2025,19,9.8,273.5,617,Goals
2025,20,10.3,255.6,622,Goals
2025,21,10.8,240.5,608,Goals
2025,22,11.3,224.8,490,Goals
2025,23,11.81,203.9,520,Goals
2025,24,12.31,184.3,517,Goals
2025,25,12.81,167.0,534,Goals
2025,26,13.31,144.6,588,Goals
2025,27,13.82,118.5,705,Goals
2025,28,14.32,125.7,686,Goals
2025,29,14.82,117.1,623,Goals
2025,30,15.32,102.3,522,Goals
2025,31,15.83,83.6,629,Goals
2025,32,16.33,73.6,616,Goals
2025,33,16.83,56.3,548,Goals
2025,34,17.33,40.6,587,Goals
2025,35,17.83,26.1,651,Goals
2025,36,18.34,19.1,580,Goals
2025,37,18.84,13.3,611,Goals
2025,38,19.34,5.4,591,Goals
2025,39,19.84,-11.7,645,Goals
2025,40,20.35,-3.7,660,Goals
2025,41,20.85,-9.8,666,Goals
2026,0,0.25,0.9,908,Goals
2026,1,0.75,12.7,651,Goals
2026,2,1.26,28.8,655,Goals
2026,3,1.76,54.3,638,Goals
2026,4,2.26,57.9,610,Goals
2026,5,2.76,63.3,636,Goals
2026,6,3.27,82.8,640,Goals
2026,7,3.77,98.0,638,Goals
2026,8,4.27,109.4,634,Goals
2026,9,4.77,127.9,652,Goals
2026,10,5.28,146.2,660,Goals
2026,11,5.78,171.1,638,Goals
2026,12,6.28,189.3,642,Goals
2026,13,6.78,195.8,634,Goals
2026,14,7.28,203.7,813,Goals
2026,15,7.79,195.7,670,Goals
2026,16,8.29,215.9,660,Goals
2026,17,8.79,214.3,665,Goals
2026,18,9.29,234.1,681,Goals
2026,19,9.8,224.7,520,Goals
2026,20,10.3,209.6,525,Goals
2026,21,10.8,195.4,593,Goals
2026,22,11.3,181.3,509,Goals
2026,23,11.81,162.2,508,Goals
2026,24,12.31,145.8,549,Goals
2026,25,12.81,130.3,626,Goals
2026,26,13.31,110.1,565,Goals
2026,27,13.82,93.7,691,Goals
2026,28,14.32,96.3,614,Goals
2026,29,14.82,89.7,672,Goals
2026,30,15.32,75.2,642,Goals
2026,31,15.83,60.8,642,Goals
2026,32,16.33,51.9,622,Goals
2026,33,16.83,36.7,475,Goals
2026,34,17.33,24.8,495,Goals
2026,35,17.83,11.6,515,Goals
2026,36,18.34,5.6,524,Goals
2026,37,18.84,2.0,596,Goals
2026,38,19.34,-7.5,620,Goals
2026,39,19.84,-20.5,629,Goals
2026,40,20.35,-12.0,648,Goals
2026,41,20.85,-19.2,679,Goals
