number,title,subtitle,route,category,source_page
01,The Journey,Seven years. One habit. The totals.,/,overview,authored
02,By the Numbers,Then against now.,/numbers,dashboard,authored
03,Sports,What the work is made of.,/sports,section,authored
04,Records,"The far edges. Longest, highest, hardest.",/records,section,authored
05,Where,Seven countries. Seventeen regions.,/where,geography,authored
06,Rhythm,When. And how hard.,/rhythm,section,authored
07,Gear,The shoes that did the miles.,/gear,section,authored
08,Timeline,In order. First upload to now.,/timeline,timeline,authored
09,What It Means,What the numbers say to you.,/what-it-means,personas,authored
