day,roman,date,sport,distance_km,elevation_m,source_page
1,I,2026-03-09,Walk,13.05,30,Goals
2,II,2026-03-10,Run,12.1,32,Goals
3,III,2026-03-12,Run,10.09,25,Goals
4,IV,2026-03-13,Run,9.07,23,Goals
5,V,2026-03-30,Run,10.14,20,Goals
6,VI,2026-03-31,Walk,10.16,17,Goals
7,VII,2026-04-01,Run,10.11,20,Goals
8,VIII,2026-04-05,Run,10.55,24,Goals
9,IX,2026-04-15,Run,10.04,34,Goals
10,X,2026-04-20,Walk,10.05,26,Goals
11,XI,2026-04-21,Run,10.74,24,Goals
12,XII,2026-04-22,Walk,10.08,19,Goals
13,XIII,2026-05-16,Walk,10.06,34,Goals
14,XIV,2026-05-18,Walk,10.07,25,Goals
15,XV,2026-05-19,Walk,10.04,24,Goals
16,XVI,2026-05-20,Walk,10.08,20,Goals
17,XVII,2026-05-21,Walk,10.1,25,Goals
18,XVIII,2026-05-24,Walk,11.06,33,Goals
19,XIX,2026-05-25,Walk,10.02,38,Goals
20,XX,2026-06-03,Walk,10.07,34,Goals
21,XXI,2026-06-04,Walk,10.12,31,Goals
22,XXII,2026-06-06,Walk,12.13,31,Goals
23,XXIII,2026-06-08,Walk,10.04,32,Goals
24,XXIV,2026-06-09,Walk,13.33,40,Goals
25,XXV,2026-06-10,Walk,10.1,30,Goals
26,XXVI,2026-06-11,Walk,10.5,41,Goals
27,XXVII,2026-06-13,Walk,11.03,40,Goals
28,XXVIII,2026-06-14,Walk,10.02,32,Goals
29,XXIX,2026-06-15,Walk,21.12,100,Goals
30,XXX,2026-06-23,Run,10.07,37,Goals
31,XXXI,2026-06-24,Run,10.6,36,Goals
32,XXXII,2026-06-25,Run,10.13,38,Goals
33,XXXIII,2026-06-28,Walk,10.08,33,Goals
34,XXXIV,2026-07-02,Walk,10.1,41,Goals
35,XXXV,2026-07-03,Walk,10.1,39,Goals
36,XXXVI,2026-07-07,Walk,10.13,28,Goals
37,XXXVII,2026-07-08,Walk,10.56,30,Goals
38,XXXVIII,2026-07-09,Walk,10.23,31,Goals
39,XXXIX,2026-07-10,Walk,10.15,35,Goals
40,XL,2026-07-13,Walk,10.11,33,Goals
41,XLI,2026-07-21,Run,10.21,27,Goals
42,XLII,2026-07-23,Walk,10.05,45,Goals
43,XLIII,2026-07-25,Walk,13.25,44,Goals
44,XLIV,2026-07-26,Walk,10.06,27,Goals
45,XLV,2026-08-02,Run,10.66,34,Goals
46,XLVI,2026-08-03,Run,11.02,28,Goals
47,XLVII,2026-08-04,Run,11.01,26,Goals
48,XLVIII,2026-08-26,Run,10.15,23,Goals
49,XLIX,2026-08-27,Walk,10.38,31,Goals
50,L,2026-08-28,Walk,10.31,31,Goals
